{"accuracy": [0.7017187476158142, 0.7035937309265137, 0.7135156393051147, 0.7220312356948853, 0.7190625071525574, 0.7139062285423279, 0.7177343964576721, 0.7182812690734863, 0.7150781154632568, 0.7138281464576721, 0.7190625071525574, 0.7098437547683716, 0.7166406512260437, 0.713671863079071, 0.7167187333106995, 0.7186718583106995, 0.7163281440734863, 0.7174208164215088, 0.7099218964576721, 0.7048437595367432, 0.7106249928474426, 0.7257031202316284, 0.7143750190734863, 0.7181249856948853, 0.717578113079071, 0.7158593535423279, 0.7167187333106995, 0.7125781178474426, 0.7185156345367432, 0.7115625143051147, 0.715624988079071, 0.7139843702316284, 0.7161718606948853, 0.7189843654632568, 0.717578113079071, 0.7151583433151245, 0.7100781202316284, 0.7052343487739563, 0.7116405963897705, 0.7259374856948853, 0.7128124833106995, 0.7185937762260437, 0.7157812714576721, 0.7169530987739563, 0.7163281440734863, 0.7131249904632568, 0.7200781106948853, 0.7081249952316284, 0.716796875, 0.7143750190734863], "loss": [0.8606708645820618, 0.6317557692527771, 0.6061643958091736, 0.5985368490219116, 0.5914465188980103, 0.5866788029670715, 0.5857154130935669, 0.5784447193145752, 0.5841589570045471, 0.5862029790878296, 0.5808555483818054, 0.5903692245483398, 0.5826380848884583, 0.581739604473114, 0.5737032890319824, 0.5782209634780884, 0.5755866765975952, 0.5698723196983337, 0.5789751410484314, 0.5814560651779175, 0.5773500800132751, 0.5691673755645752, 0.568448007106781, 0.5781620144844055, 0.5719490647315979, 0.5710660815238953, 0.5718594789505005, 0.5739050507545471, 0.5694711208343506, 0.5751922130584717, 0.5757810473442078, 0.5704275369644165, 0.5659779906272888, 0.5670573711395264, 0.5672106742858887, 0.5702282190322876, 0.5611940622329712, 0.5685843229293823, 0.5689490437507629, 0.5564430356025696, 0.5634041428565979, 0.5619499683380127, 0.5671331286430359, 0.5663092136383057, 0.5649121999740601, 0.5637653470039368, 0.5600853562355042, 0.5701231956481934, 0.5597201585769653, 0.564927875995636], "val_accuracy": [0.7215625047683716, 0.7222656011581421, 0.721484363079071, 0.7217187285423279, 0.7223437428474426, 0.7201562523841858, 0.7215625047683716, 0.7222656011581421, 0.7210156321525574, 0.7203124761581421, 0.7208593487739563, 0.7228906154632568, 0.7216406464576721, 0.7217187285423279, 0.7232031226158142, 0.7229687571525574, 0.7209374904632568, 0.7223437428474426, 0.7228124737739563, 0.7221093773841858, 0.7212499976158142, 0.7216406464576721, 0.7200781106948853, 0.7216406464576721, 0.7224218845367432, 0.7207812666893005, 0.7235156297683716, 0.7208593487739563, 0.7206249833106995, 0.7222656011581421, 0.7219531536102295, 0.7214062213897705, 0.7231249809265137, 0.7217968702316284, 0.7225000262260437, 0.721875011920929, 0.721875011920929, 0.7214062213897705, 0.7213281393051147, 0.72265625, 0.7216406464576721, 0.7220312356948853, 0.7228906154632568, 0.7222656011581421, 0.7222656011581421, 0.7210937738418579, 0.7211718559265137, 0.7223437428474426, 0.7225000262260437, 0.7216406464576721], "val_loss": [0.584138810634613, 0.5706815123558044, 0.5503497123718262, 0.5506341457366943, 0.515911340713501, 0.5160824060440063, 0.5012475252151489, 0.5152113437652588, 0.5020245313644409, 0.5066677927970886, 0.5452141761779785, 0.5120714902877808, 0.5418985486030579, 0.5117741823196411, 0.49435219168663025, 0.5462641716003418, 0.5090088248252869, 0.5320927500724792, 0.5121742486953735, 0.5087276697158813, 0.5395792126655579, 0.5165702700614929, 0.5047109127044678, 0.5410091280937195, 0.5151376724243164, 0.5167041420936584, 0.5394251346588135, 0.5062845349311829, 0.5106081962585449, 0.5442048907279968, 0.5125252604484558, 0.5169371962547302, 0.5414344668388367, 0.5421699285507202, 0.5475419759750366, 0.5062912702560425, 0.5219074487686157, 0.5239303708076477, 0.5207844376564026, 0.5074583292007446, 0.5326027274131775, 0.5020973086357117, 0.540158212184906, 0.5028932690620422, 0.5171676874160767, 0.5180608630180359, 0.49405452609062195, 0.524779736995697, 0.5185337066650391, 0.5154092311859131]}